Link,Course Name,Fees
https://campus.w3schools.com/collections/certifications/products/html-certificate,No course name found,No fees found
https://campus.w3schools.com/collections/certifications/products/html-certificate,No course name found,No fees found
https://campus.w3schools.com/collections/certifications/products/css-certificate,No course name found,No fees found
https://campus.w3schools.com/collections/certifications/products/css-certificate,No course name found,No fees found
https://campus.w3schools.com/collections/certifications/products/bootstrap-3-certificate,No course name found,No fees found
https://campus.w3schools.com/collections/certifications/products/bootstrap-3-certificate,No course name found,No fees found
https://campus.w3schools.com/collections/certifications/products/bootstrap-4-certificate,No course name found,No fees found
https://campus.w3schools.com/collections/certifications/products/bootstrap-4-certificate,No course name found,No fees found
https://campus.w3schools.com/collections/certifications/products/bootstrap-5-certificate,No course name found,No fees found
https://campus.w3schools.com/collections/certifications/products/bootstrap-5-certificate,No course name found,No fees found
https://campus.w3schools.com/products/dsa-certification-exam,No course name found,No fees found
https://campus.w3schools.com/products/dsa-certification-exam,No course name found,No fees found
https://campus.w3schools.com/products/numpy-certification-exam,No course name found,No fees found
https://campus.w3schools.com/products/numpy-certification-exam,No course name found,No fees found
https://campus.w3schools.com/products/pandas-certification-exam,No course name found,No fees found
https://campus.w3schools.com/products/pandas-certification-exam,No course name found,No fees found
https://campus.w3schools.com/collections/certifications/products/front-end-course,No course name found,No fees found
https://campus.w3schools.com/collections/certifications/products/front-end-certificate,No course name found,No fees found
https://campus.w3schools.com/collections/certifications/products/modern-web-development-certification,No course name found,No fees found
https://campus.w3schools.com/collections/certifications/products/modern-web-development-certification,No course name found,No fees found
https://campus.w3schools.com/collections/certifications/products/javascript-certificate,No course name found,No fees found
https://campus.w3schools.com/collections/certifications/products/javascript-certificate,No course name found,No fees found
https://campus.w3schools.com/collections/certifications/products/react-js-certificate,No course name found,No fees found
https://campus.w3schools.com/collections/certifications/products/react-js-certificate,No course name found,No fees found
https://campus.w3schools.com/collections/certifications/products/jquery-certificate,No course name found,No fees found
https://campus.w3schools.com/collections/certifications/products/jquery-certificate,No course name found,No fees found
https://campus.w3schools.com/products/vue-js-certification-exam,No course name found,No fees found
https://campus.w3schools.com/products/vue-js-certification-exam,No course name found,No fees found
https://campus.w3schools.com/collections/certifications/products/front-end-certificate,No course name found,No fees found
https://campus.w3schools.com/collections/certifications/products/front-end-certificate,No course name found,No fees found
https://campus.w3schools.com/collections/certifications/products/modern-web-development-certification,No course name found,No fees found
https://campus.w3schools.com/collections/certifications/products/modern-web-development-certification,No course name found,No fees found
https://campus.w3schools.com/collections/certifications/products/front-end-certificate,No course name found,No fees found
https://campus.w3schools.com/collections/certifications/products/front-end-certificate,No course name found,No fees found
https://campus.w3schools.com/collections/certifications/products/modern-web-development-certification,No course name found,No fees found
https://campus.w3schools.com/collections/certifications/products/modern-web-development-certification,No course name found,No fees found
https://campus.w3schools.com/collections/certifications/products/python-certificate,No course name found,No fees found
https://campus.w3schools.com/collections/certifications/products/python-certificate,No course name found,No fees found
https://campus.w3schools.com/collections/certifications/products/sql-certificate,No course name found,No fees found
https://campus.w3schools.com/collections/certifications/products/sql-certificate,No course name found,No fees found
https://campus.w3schools.com/collections/certifications/products/mysql-certificate,No course name found,No fees found
https://campus.w3schools.com/collections/certifications/products/mysql-certificate,No course name found,No fees found
https://campus.w3schools.com/collections/certifications/products/php-certificate,No course name found,No fees found
https://campus.w3schools.com/collections/certifications/products/php-certificate,No course name found,No fees found
https://campus.w3schools.com/collections/certifications/products/java-certificate,No course name found,No fees found
https://campus.w3schools.com/collections/certifications/products/java-certificate,No course name found,No fees found
https://campus.w3schools.com/products/c-certification-exam,No course name found,No fees found
https://campus.w3schools.com/products/c-certification-exam,No course name found,No fees found
https://campus.w3schools.com/collections/certifications/products/c-certificate,No course name found,No fees found
https://campus.w3schools.com/collections/certifications/products/c-certificate,No course name found,No fees found
https://campus.w3schools.com/collections/certifications/products/c-certificate-1,No course name found,No fees found
https://campus.w3schools.com/collections/certifications/products/c-certificate-1,No course name found,No fees found
https://campus.w3schools.com/products/django-certification-exam,No course name found,No fees found
https://campus.w3schools.com/products/django-certification-exam,No course name found,No fees found
https://campus.w3schools.com/collections/certifications/products/typescript-certificate,No course name found,No fees found
https://campus.w3schools.com/collections/certifications/products/typescript-certificate,No course name found,No fees found
https://campus.w3schools.com/collections/certifications/products/xml-certificate,No course name found,No fees found
https://campus.w3schools.com/collections/certifications/products/xml-certificate,No course name found,No fees found
https://campus.w3schools.com/collections/certifications/products/cyber-security-certificate,No course name found,No fees found
https://campus.w3schools.com/collections/certifications/products/cyber-security-certificate,No course name found,No fees found
https://campus.w3schools.com/collections/certifications/products/accessibility-certificate,No course name found,No fees found
https://campus.w3schools.com/collections/certifications/products/accessibility-certificate,No course name found,No fees found
https://campus.w3schools.com/products/dsa-certification-exam,No course name found,No fees found
https://campus.w3schools.com/products/dsa-certification-exam,No course name found,No fees found
https://campus.w3schools.com/collections/certifications,Certification Exams Catalog,No fees found
https://campus.w3schools.com/collections/certifications,Certification Exams Catalog,No fees found
https://campus.w3schools.com/collections/certifications/products/html-certificate,No course name found,No fees found
https://campus.w3schools.com/collections/certifications/products/css-certificate,No course name found,No fees found
https://campus.w3schools.com/collections/certifications/products/javascript-certificate,No course name found,No fees found
https://campus.w3schools.com/collections/certifications/products/front-end-certificate,No course name found,No fees found
https://campus.w3schools.com/collections/certifications/products/sql-certificate,No course name found,No fees found
https://campus.w3schools.com/collections/certifications/products/python-certificate,No course name found,No fees found
https://campus.w3schools.com/collections/certifications/products/php-certificate,No course name found,No fees found
https://campus.w3schools.com/collections/certifications/products/jquery-certificate,No course name found,No fees found
https://campus.w3schools.com/collections/certifications/products/java-certificate,No course name found,No fees found
https://campus.w3schools.com/collections/certifications/products/c-certificate,No course name found,No fees found
https://campus.w3schools.com/collections/certifications/products/c-certificate-1,No course name found,No fees found
https://campus.w3schools.com/collections/certifications/products/xml-certificate,No course name found,No fees found
