Link,Title,Content Preview
https://campus.w3schools.com/collections/certifications/products/html-certificate,HTML Certification Exam — W3Schools.com,"Skip to content
Menu
All categories
------
Certification
Course
Subscription
All categories
Cancel
View cart
Full Access
Today's Deals
Career Paths
Certificate Courses
Certification Exams
W3Schools Plus
Servers
For Teachers
Close
Full Access
Today's Deals
Career Paths
Certificate Courses
Certification Exams
W3Schools Plus
Servers
For Teachers
Home
Certification Exams Catalog
HTML Certification Exam
HTML Certification Exam
Save
30
%
Save
30
%
Original price
$95.00
Original price
$95.00
-
Original"
https://campus.w3schools.com/collections/certifications/products/html-certificate,HTML Certification Exam — W3Schools.com,"Skip to content
Menu
All categories
------
Certification
Course
Subscription
All categories
Cancel
View cart
Full Access
Today's Deals
Career Paths
Certificate Courses
Certification Exams
W3Schools Plus
Servers
For Teachers
Close
Full Access
Today's Deals
Career Paths
Certificate Courses
Certification Exams
W3Schools Plus
Servers
For Teachers
Home
Certification Exams Catalog
HTML Certification Exam
HTML Certification Exam
Save
30
%
Save
30
%
Original price
$95.00
Original price
$95.00
-
Original"
https://campus.w3schools.com/collections/certifications/products/css-certificate,CSS Certification Exam — W3Schools.com,"Skip to content
Menu
All categories
------
Certification
Course
Subscription
All categories
Cancel
View cart
Full Access
Today's Deals
Career Paths
Certificate Courses
Certification Exams
W3Schools Plus
Servers
For Teachers
Close
Full Access
Today's Deals
Career Paths
Certificate Courses
Certification Exams
W3Schools Plus
Servers
For Teachers
Home
Certification Exams Catalog
CSS Certification Exam
CSS Certification Exam
Save
0
%
Save
%
Original price
$0.00
-
Original price
$0.00
Original price
$"
https://campus.w3schools.com/collections/certifications/products/css-certificate,CSS Certification Exam — W3Schools.com,"Skip to content
Menu
All categories
------
Certification
Course
Subscription
All categories
Cancel
View cart
Full Access
Today's Deals
Career Paths
Certificate Courses
Certification Exams
W3Schools Plus
Servers
For Teachers
Close
Full Access
Today's Deals
Career Paths
Certificate Courses
Certification Exams
W3Schools Plus
Servers
For Teachers
Home
Certification Exams Catalog
CSS Certification Exam
CSS Certification Exam
Save
0
%
Save
%
Original price
$0.00
-
Original price
$0.00
Original price
$"
https://campus.w3schools.com/collections/certifications/products/bootstrap-3-certificate,Bootstrap 3 Certification Exam — W3Schools.com,"Skip to content
Menu
All categories
------
Certification
Course
Subscription
All categories
Cancel
View cart
Full Access
Today's Deals
Career Paths
Certificate Courses
Certification Exams
W3Schools Plus
Servers
For Teachers
Close
Full Access
Today's Deals
Career Paths
Certificate Courses
Certification Exams
W3Schools Plus
Servers
For Teachers
Home
Certification Exams Catalog
Bootstrap 3 Certification Exam
Bootstrap 3 Certification Exam
Save
0
%
Save
%
Original price
$0.00
-
Original price
$0.00
"
https://campus.w3schools.com/collections/certifications/products/bootstrap-3-certificate,Bootstrap 3 Certification Exam — W3Schools.com,"Skip to content
Menu
All categories
------
Certification
Course
Subscription
All categories
Cancel
View cart
Full Access
Today's Deals
Career Paths
Certificate Courses
Certification Exams
W3Schools Plus
Servers
For Teachers
Close
Full Access
Today's Deals
Career Paths
Certificate Courses
Certification Exams
W3Schools Plus
Servers
For Teachers
Home
Certification Exams Catalog
Bootstrap 3 Certification Exam
Bootstrap 3 Certification Exam
Save
0
%
Save
%
Original price
$0.00
-
Original price
$0.00
"
https://campus.w3schools.com/collections/certifications/products/bootstrap-4-certificate,Bootstrap 4 Certification Exam — W3Schools.com,"Skip to content
Menu
All categories
------
Certification
Course
Subscription
All categories
Cancel
View cart
Full Access
Today's Deals
Career Paths
Certificate Courses
Certification Exams
W3Schools Plus
Servers
For Teachers
Close
Full Access
Today's Deals
Career Paths
Certificate Courses
Certification Exams
W3Schools Plus
Servers
For Teachers
Home
Certification Exams Catalog
Bootstrap 4 Certification Exam
Bootstrap 4 Certification Exam
Save
0
%
Save
%
Original price
$0.00
-
Original price
$0.00
"
https://campus.w3schools.com/collections/certifications/products/bootstrap-4-certificate,Bootstrap 4 Certification Exam — W3Schools.com,"Skip to content
Menu
All categories
------
Certification
Course
Subscription
All categories
Cancel
View cart
Full Access
Today's Deals
Career Paths
Certificate Courses
Certification Exams
W3Schools Plus
Servers
For Teachers
Close
Full Access
Today's Deals
Career Paths
Certificate Courses
Certification Exams
W3Schools Plus
Servers
For Teachers
Home
Certification Exams Catalog
Bootstrap 4 Certification Exam
Bootstrap 4 Certification Exam
Save
0
%
Save
%
Original price
$0.00
-
Original price
$0.00
"
https://campus.w3schools.com/collections/certifications/products/bootstrap-5-certificate,Bootstrap 5 Certification Exam — W3Schools.com,"Skip to content
Menu
All categories
------
Certification
Course
Subscription
All categories
Cancel
View cart
Full Access
Today's Deals
Career Paths
Certificate Courses
Certification Exams
W3Schools Plus
Servers
For Teachers
Close
Full Access
Today's Deals
Career Paths
Certificate Courses
Certification Exams
W3Schools Plus
Servers
For Teachers
Home
Certification Exams Catalog
Bootstrap 5 Certification Exam
Bootstrap 5 Certification Exam
Save
0
%
Save
%
Original price
$0.00
-
Original price
$0.00
"
https://campus.w3schools.com/collections/certifications/products/bootstrap-5-certificate,Bootstrap 5 Certification Exam — W3Schools.com,"Skip to content
Menu
All categories
------
Certification
Course
Subscription
All categories
Cancel
View cart
Full Access
Today's Deals
Career Paths
Certificate Courses
Certification Exams
W3Schools Plus
Servers
For Teachers
Close
Full Access
Today's Deals
Career Paths
Certificate Courses
Certification Exams
W3Schools Plus
Servers
For Teachers
Home
Certification Exams Catalog
Bootstrap 5 Certification Exam
Bootstrap 5 Certification Exam
Save
0
%
Save
%
Original price
$0.00
-
Original price
$0.00
"
https://campus.w3schools.com/products/dsa-certification-exam,DSA Certification Exam — W3Schools.com,"Skip to content
Menu
All categories
------
Certification
Course
Subscription
All categories
Cancel
View cart
Full Access
Today's Deals
Career Paths
Certificate Courses
Certification Exams
W3Schools Plus
Servers
For Teachers
Close
Full Access
Today's Deals
Career Paths
Certificate Courses
Certification Exams
W3Schools Plus
Servers
For Teachers
Home
DSA Certification Exam
DSA Certification Exam
Save
0
%
Save
%
Original price
$0.00
-
Original price
$0.00
Original price
$0.00
$95.00
$95.00
-
$95.00
"
https://campus.w3schools.com/products/dsa-certification-exam,DSA Certification Exam — W3Schools.com,"Skip to content
Menu
All categories
------
Certification
Course
Subscription
All categories
Cancel
View cart
Full Access
Today's Deals
Career Paths
Certificate Courses
Certification Exams
W3Schools Plus
Servers
For Teachers
Close
Full Access
Today's Deals
Career Paths
Certificate Courses
Certification Exams
W3Schools Plus
Servers
For Teachers
Home
DSA Certification Exam
DSA Certification Exam
Save
0
%
Save
%
Original price
$0.00
-
Original price
$0.00
Original price
$0.00
$95.00
$95.00
-
$95.00
"
https://campus.w3schools.com/products/numpy-certification-exam,NumPy Certification Exam — W3Schools.com,"Skip to content
Menu
All categories
------
Certification
Course
Subscription
All categories
Cancel
View cart
Full Access
Today's Deals
Career Paths
Certificate Courses
Certification Exams
W3Schools Plus
Servers
For Teachers
Close
Full Access
Today's Deals
Career Paths
Certificate Courses
Certification Exams
W3Schools Plus
Servers
For Teachers
Home
NumPy Certification Exam
NumPy Certification Exam
Save
0
%
Save
%
Original price
$0.00
-
Original price
$0.00
Original price
$0.00
$95.00
$95.00
-
$95"
https://campus.w3schools.com/products/numpy-certification-exam,NumPy Certification Exam — W3Schools.com,"Skip to content
Menu
All categories
------
Certification
Course
Subscription
All categories
Cancel
View cart
Full Access
Today's Deals
Career Paths
Certificate Courses
Certification Exams
W3Schools Plus
Servers
For Teachers
Close
Full Access
Today's Deals
Career Paths
Certificate Courses
Certification Exams
W3Schools Plus
Servers
For Teachers
Home
NumPy Certification Exam
NumPy Certification Exam
Save
0
%
Save
%
Original price
$0.00
-
Original price
$0.00
Original price
$0.00
$95.00
$95.00
-
$95"
https://campus.w3schools.com/products/pandas-certification-exam,Pandas Certification Exam — W3Schools.com,"Skip to content
Menu
All categories
------
Certification
Course
Subscription
All categories
Cancel
View cart
Full Access
Today's Deals
Career Paths
Certificate Courses
Certification Exams
W3Schools Plus
Servers
For Teachers
Close
Full Access
Today's Deals
Career Paths
Certificate Courses
Certification Exams
W3Schools Plus
Servers
For Teachers
Home
Pandas Certification Exam
Pandas Certification Exam
Save
0
%
Save
%
Original price
$0.00
-
Original price
$0.00
Original price
$0.00
$95.00
$95.00
-
$"
https://campus.w3schools.com/products/pandas-certification-exam,Pandas Certification Exam — W3Schools.com,"Skip to content
Menu
All categories
------
Certification
Course
Subscription
All categories
Cancel
View cart
Full Access
Today's Deals
Career Paths
Certificate Courses
Certification Exams
W3Schools Plus
Servers
For Teachers
Close
Full Access
Today's Deals
Career Paths
Certificate Courses
Certification Exams
W3Schools Plus
Servers
For Teachers
Home
Pandas Certification Exam
Pandas Certification Exam
Save
0
%
Save
%
Original price
$0.00
-
Original price
$0.00
Original price
$0.00
$95.00
$95.00
-
$"
https://campus.w3schools.com/collections/certifications/products/front-end-course,Learn Front-end Development — W3Schools.com,"Skip to content
Menu
All categories
------
Certification
Course
Subscription
All categories
Cancel
View cart
Full Access
Today's Deals
Career Paths
Certificate Courses
Certification Exams
W3Schools Plus
Servers
For Teachers
Close
Full Access
Today's Deals
Career Paths
Certificate Courses
Certification Exams
W3Schools Plus
Servers
For Teachers
Home
Learn Front-end Development
Learn Front-end Development
Save
33
%
Save
33
%
Original price
$285.00
Original price
$285.00
-
Original price
$285.00
Ori"
https://campus.w3schools.com/collections/certifications/products/front-end-certificate,Frontend Development Certification — W3Schools.com,"Skip to content
Menu
All categories
------
Certification
Course
Subscription
All categories
Cancel
View cart
Full Access
Today's Deals
Career Paths
Certificate Courses
Certification Exams
W3Schools Plus
Servers
For Teachers
Close
Full Access
Today's Deals
Career Paths
Certificate Courses
Certification Exams
W3Schools Plus
Servers
For Teachers
Home
Certification Exams Catalog
Frontend Development Certification
Frontend Development Certification
Save
33
%
Save
33
%
Original price
$285.00
Original "
https://campus.w3schools.com/collections/certifications/products/modern-web-development-certification,Modern Web Development Certification — W3Schools.com,"Skip to content
Menu
All categories
------
Certification
Course
Subscription
All categories
Cancel
View cart
Full Access
Today's Deals
Career Paths
Certificate Courses
Certification Exams
W3Schools Plus
Servers
For Teachers
Close
Full Access
Today's Deals
Career Paths
Certificate Courses
Certification Exams
W3Schools Plus
Servers
For Teachers
Home
Certification Exams Catalog
Modern Web Development Certification
Modern Web Development Certification
Save
38
%
Save
38
%
Original price
$475.00
Origi"
https://campus.w3schools.com/collections/certifications/products/modern-web-development-certification,Modern Web Development Certification — W3Schools.com,"Skip to content
Menu
All categories
------
Certification
Course
Subscription
All categories
Cancel
View cart
Full Access
Today's Deals
Career Paths
Certificate Courses
Certification Exams
W3Schools Plus
Servers
For Teachers
Close
Full Access
Today's Deals
Career Paths
Certificate Courses
Certification Exams
W3Schools Plus
Servers
For Teachers
Home
Certification Exams Catalog
Modern Web Development Certification
Modern Web Development Certification
Save
38
%
Save
38
%
Original price
$475.00
Origi"
https://campus.w3schools.com/collections/certifications/products/javascript-certificate,JavaScript Certification Exam — W3Schools.com,"Skip to content
Menu
All categories
------
Certification
Course
Subscription
All categories
Cancel
View cart
Full Access
Today's Deals
Career Paths
Certificate Courses
Certification Exams
W3Schools Plus
Servers
For Teachers
Close
Full Access
Today's Deals
Career Paths
Certificate Courses
Certification Exams
W3Schools Plus
Servers
For Teachers
Home
Certification Exams Catalog
JavaScript Certification Exam
JavaScript Certification Exam
Save
30
%
Save
30
%
Original price
$95.00
Original price
$95.0"
https://campus.w3schools.com/collections/certifications/products/javascript-certificate,JavaScript Certification Exam — W3Schools.com,"Skip to content
Menu
All categories
------
Certification
Course
Subscription
All categories
Cancel
View cart
Full Access
Today's Deals
Career Paths
Certificate Courses
Certification Exams
W3Schools Plus
Servers
For Teachers
Close
Full Access
Today's Deals
Career Paths
Certificate Courses
Certification Exams
W3Schools Plus
Servers
For Teachers
Home
Certification Exams Catalog
JavaScript Certification Exam
JavaScript Certification Exam
Save
30
%
Save
30
%
Original price
$95.00
Original price
$95.0"
https://campus.w3schools.com/collections/certifications/products/react-js-certificate,React.JS Certification Exam — W3Schools.com,"Skip to content
Menu
All categories
------
Certification
Course
Subscription
All categories
Cancel
View cart
Full Access
Today's Deals
Career Paths
Certificate Courses
Certification Exams
W3Schools Plus
Servers
For Teachers
Close
Full Access
Today's Deals
Career Paths
Certificate Courses
Certification Exams
W3Schools Plus
Servers
For Teachers
Home
Certification Exams Catalog
React.JS Certification Exam
React.JS Certification Exam
Save
0
%
Save
%
Original price
$0.00
-
Original price
$0.00
Origin"
https://campus.w3schools.com/collections/certifications/products/react-js-certificate,React.JS Certification Exam — W3Schools.com,"Skip to content
Menu
All categories
------
Certification
Course
Subscription
All categories
Cancel
View cart
Full Access
Today's Deals
Career Paths
Certificate Courses
Certification Exams
W3Schools Plus
Servers
For Teachers
Close
Full Access
Today's Deals
Career Paths
Certificate Courses
Certification Exams
W3Schools Plus
Servers
For Teachers
Home
Certification Exams Catalog
React.JS Certification Exam
React.JS Certification Exam
Save
0
%
Save
%
Original price
$0.00
-
Original price
$0.00
Origin"
https://campus.w3schools.com/collections/certifications/products/jquery-certificate,jQuery Certification Exam — W3Schools.com,"Skip to content
Menu
All categories
------
Certification
Course
Subscription
All categories
Cancel
View cart
Full Access
Today's Deals
Career Paths
Certificate Courses
Certification Exams
W3Schools Plus
Servers
For Teachers
Close
Full Access
Today's Deals
Career Paths
Certificate Courses
Certification Exams
W3Schools Plus
Servers
For Teachers
Home
Certification Exams Catalog
jQuery Certification Exam
jQuery Certification Exam
Save
0
%
Save
%
Original price
$0.00
-
Original price
$0.00
Original p"
https://campus.w3schools.com/collections/certifications/products/jquery-certificate,jQuery Certification Exam — W3Schools.com,"Skip to content
Menu
All categories
------
Certification
Course
Subscription
All categories
Cancel
View cart
Full Access
Today's Deals
Career Paths
Certificate Courses
Certification Exams
W3Schools Plus
Servers
For Teachers
Close
Full Access
Today's Deals
Career Paths
Certificate Courses
Certification Exams
W3Schools Plus
Servers
For Teachers
Home
Certification Exams Catalog
jQuery Certification Exam
jQuery Certification Exam
Save
0
%
Save
%
Original price
$0.00
-
Original price
$0.00
Original p"
https://campus.w3schools.com/products/vue-js-certification-exam,Vue.js Certification Exam — W3Schools.com,"Skip to content
Menu
All categories
------
Certification
Course
Subscription
All categories
Cancel
View cart
Full Access
Today's Deals
Career Paths
Certificate Courses
Certification Exams
W3Schools Plus
Servers
For Teachers
Close
Full Access
Today's Deals
Career Paths
Certificate Courses
Certification Exams
W3Schools Plus
Servers
For Teachers
Home
Vue.js Certification Exam
Vue.js Certification Exam
Save
0
%
Save
%
Original price
$0.00
-
Original price
$0.00
Original price
$0.00
$95.00
$95.00
-
$"
https://campus.w3schools.com/products/vue-js-certification-exam,Vue.js Certification Exam — W3Schools.com,"Skip to content
Menu
All categories
------
Certification
Course
Subscription
All categories
Cancel
View cart
Full Access
Today's Deals
Career Paths
Certificate Courses
Certification Exams
W3Schools Plus
Servers
For Teachers
Close
Full Access
Today's Deals
Career Paths
Certificate Courses
Certification Exams
W3Schools Plus
Servers
For Teachers
Home
Vue.js Certification Exam
Vue.js Certification Exam
Save
0
%
Save
%
Original price
$0.00
-
Original price
$0.00
Original price
$0.00
$95.00
$95.00
-
$"
https://campus.w3schools.com/collections/certifications/products/front-end-certificate,Frontend Development Certification — W3Schools.com,"Skip to content
Menu
All categories
------
Certification
Course
Subscription
All categories
Cancel
View cart
Full Access
Today's Deals
Career Paths
Certificate Courses
Certification Exams
W3Schools Plus
Servers
For Teachers
Close
Full Access
Today's Deals
Career Paths
Certificate Courses
Certification Exams
W3Schools Plus
Servers
For Teachers
Home
Certification Exams Catalog
Frontend Development Certification
Frontend Development Certification
Save
33
%
Save
33
%
Original price
$285.00
Original "
https://campus.w3schools.com/collections/certifications/products/front-end-certificate,Frontend Development Certification — W3Schools.com,"Skip to content
Menu
All categories
------
Certification
Course
Subscription
All categories
Cancel
View cart
Full Access
Today's Deals
Career Paths
Certificate Courses
Certification Exams
W3Schools Plus
Servers
For Teachers
Close
Full Access
Today's Deals
Career Paths
Certificate Courses
Certification Exams
W3Schools Plus
Servers
For Teachers
Home
Certification Exams Catalog
Frontend Development Certification
Frontend Development Certification
Save
33
%
Save
33
%
Original price
$285.00
Original "
https://campus.w3schools.com/collections/certifications/products/modern-web-development-certification,Modern Web Development Certification — W3Schools.com,"Skip to content
Menu
All categories
------
Certification
Course
Subscription
All categories
Cancel
View cart
Full Access
Today's Deals
Career Paths
Certificate Courses
Certification Exams
W3Schools Plus
Servers
For Teachers
Close
Full Access
Today's Deals
Career Paths
Certificate Courses
Certification Exams
W3Schools Plus
Servers
For Teachers
Home
Certification Exams Catalog
Modern Web Development Certification
Modern Web Development Certification
Save
38
%
Save
38
%
Original price
$475.00
Origi"
https://campus.w3schools.com/collections/certifications/products/modern-web-development-certification,Modern Web Development Certification — W3Schools.com,"Skip to content
Menu
All categories
------
Certification
Course
Subscription
All categories
Cancel
View cart
Full Access
Today's Deals
Career Paths
Certificate Courses
Certification Exams
W3Schools Plus
Servers
For Teachers
Close
Full Access
Today's Deals
Career Paths
Certificate Courses
Certification Exams
W3Schools Plus
Servers
For Teachers
Home
Certification Exams Catalog
Modern Web Development Certification
Modern Web Development Certification
Save
38
%
Save
38
%
Original price
$475.00
Origi"
https://campus.w3schools.com/collections/certifications/products/front-end-certificate,Frontend Development Certification — W3Schools.com,"Skip to content
Menu
All categories
------
Certification
Course
Subscription
All categories
Cancel
View cart
Full Access
Today's Deals
Career Paths
Certificate Courses
Certification Exams
W3Schools Plus
Servers
For Teachers
Close
Full Access
Today's Deals
Career Paths
Certificate Courses
Certification Exams
W3Schools Plus
Servers
For Teachers
Home
Certification Exams Catalog
Frontend Development Certification
Frontend Development Certification
Save
33
%
Save
33
%
Original price
$285.00
Original "
https://campus.w3schools.com/collections/certifications/products/front-end-certificate,Frontend Development Certification — W3Schools.com,"Skip to content
Menu
All categories
------
Certification
Course
Subscription
All categories
Cancel
View cart
Full Access
Today's Deals
Career Paths
Certificate Courses
Certification Exams
W3Schools Plus
Servers
For Teachers
Close
Full Access
Today's Deals
Career Paths
Certificate Courses
Certification Exams
W3Schools Plus
Servers
For Teachers
Home
Certification Exams Catalog
Frontend Development Certification
Frontend Development Certification
Save
33
%
Save
33
%
Original price
$285.00
Original "
https://campus.w3schools.com/collections/certifications/products/modern-web-development-certification,Modern Web Development Certification — W3Schools.com,"Skip to content
Menu
All categories
------
Certification
Course
Subscription
All categories
Cancel
View cart
Full Access
Today's Deals
Career Paths
Certificate Courses
Certification Exams
W3Schools Plus
Servers
For Teachers
Close
Full Access
Today's Deals
Career Paths
Certificate Courses
Certification Exams
W3Schools Plus
Servers
For Teachers
Home
Certification Exams Catalog
Modern Web Development Certification
Modern Web Development Certification
Save
38
%
Save
38
%
Original price
$475.00
Origi"
https://campus.w3schools.com/collections/certifications/products/modern-web-development-certification,Modern Web Development Certification — W3Schools.com,"Skip to content
Menu
All categories
------
Certification
Course
Subscription
All categories
Cancel
View cart
Full Access
Today's Deals
Career Paths
Certificate Courses
Certification Exams
W3Schools Plus
Servers
For Teachers
Close
Full Access
Today's Deals
Career Paths
Certificate Courses
Certification Exams
W3Schools Plus
Servers
For Teachers
Home
Certification Exams Catalog
Modern Web Development Certification
Modern Web Development Certification
Save
38
%
Save
38
%
Original price
$475.00
Origi"
https://campus.w3schools.com/collections/certifications/products/python-certificate,Python Certification Exam — W3Schools.com,"Skip to content
Menu
All categories
------
Certification
Course
Subscription
All categories
Cancel
View cart
Full Access
Today's Deals
Career Paths
Certificate Courses
Certification Exams
W3Schools Plus
Servers
For Teachers
Close
Full Access
Today's Deals
Career Paths
Certificate Courses
Certification Exams
W3Schools Plus
Servers
For Teachers
Home
Certification Exams Catalog
Python Certification Exam
Python Certification Exam
Save
30
%
Save
30
%
Original price
$95.00
Original price
$95.00
-
Orig"
https://campus.w3schools.com/collections/certifications/products/python-certificate,Python Certification Exam — W3Schools.com,"Skip to content
Menu
All categories
------
Certification
Course
Subscription
All categories
Cancel
View cart
Full Access
Today's Deals
Career Paths
Certificate Courses
Certification Exams
W3Schools Plus
Servers
For Teachers
Close
Full Access
Today's Deals
Career Paths
Certificate Courses
Certification Exams
W3Schools Plus
Servers
For Teachers
Home
Certification Exams Catalog
Python Certification Exam
Python Certification Exam
Save
30
%
Save
30
%
Original price
$95.00
Original price
$95.00
-
Orig"
https://campus.w3schools.com/collections/certifications/products/sql-certificate,SQL Certification Exam — W3Schools.com,"Skip to content
Menu
All categories
------
Certification
Course
Subscription
All categories
Cancel
View cart
Full Access
Today's Deals
Career Paths
Certificate Courses
Certification Exams
W3Schools Plus
Servers
For Teachers
Close
Full Access
Today's Deals
Career Paths
Certificate Courses
Certification Exams
W3Schools Plus
Servers
For Teachers
Home
Certification Exams Catalog
SQL Certification Exam
SQL Certification Exam
Save
30
%
Save
30
%
Original price
$95.00
Original price
$95.00
-
Original p"
https://campus.w3schools.com/collections/certifications/products/sql-certificate,SQL Certification Exam — W3Schools.com,"Skip to content
Menu
All categories
------
Certification
Course
Subscription
All categories
Cancel
View cart
Full Access
Today's Deals
Career Paths
Certificate Courses
Certification Exams
W3Schools Plus
Servers
For Teachers
Close
Full Access
Today's Deals
Career Paths
Certificate Courses
Certification Exams
W3Schools Plus
Servers
For Teachers
Home
Certification Exams Catalog
SQL Certification Exam
SQL Certification Exam
Save
30
%
Save
30
%
Original price
$95.00
Original price
$95.00
-
Original p"
https://campus.w3schools.com/collections/certifications/products/mysql-certificate,MySQL Certification Exam — W3Schools.com,"Skip to content
Menu
All categories
------
Certification
Course
Subscription
All categories
Cancel
View cart
Full Access
Today's Deals
Career Paths
Certificate Courses
Certification Exams
W3Schools Plus
Servers
For Teachers
Close
Full Access
Today's Deals
Career Paths
Certificate Courses
Certification Exams
W3Schools Plus
Servers
For Teachers
Home
Certification Exams Catalog
MySQL Certification Exam
MySQL Certification Exam
Save
0
%
Save
%
Original price
$0.00
-
Original price
$0.00
Original pri"
https://campus.w3schools.com/collections/certifications/products/mysql-certificate,MySQL Certification Exam — W3Schools.com,"Skip to content
Menu
All categories
------
Certification
Course
Subscription
All categories
Cancel
View cart
Full Access
Today's Deals
Career Paths
Certificate Courses
Certification Exams
W3Schools Plus
Servers
For Teachers
Close
Full Access
Today's Deals
Career Paths
Certificate Courses
Certification Exams
W3Schools Plus
Servers
For Teachers
Home
Certification Exams Catalog
MySQL Certification Exam
MySQL Certification Exam
Save
0
%
Save
%
Original price
$0.00
-
Original price
$0.00
Original pri"
https://campus.w3schools.com/collections/certifications/products/php-certificate,PHP Certification Exam — W3Schools.com,"Skip to content
Menu
All categories
------
Certification
Course
Subscription
All categories
Cancel
View cart
Full Access
Today's Deals
Career Paths
Certificate Courses
Certification Exams
W3Schools Plus
Servers
For Teachers
Close
Full Access
Today's Deals
Career Paths
Certificate Courses
Certification Exams
W3Schools Plus
Servers
For Teachers
Home
Certification Exams Catalog
PHP Certification Exam
PHP Certification Exam
Save
0
%
Save
%
Original price
$0.00
-
Original price
$0.00
Original price
$"
https://campus.w3schools.com/collections/certifications/products/php-certificate,PHP Certification Exam — W3Schools.com,"Skip to content
Menu
All categories
------
Certification
Course
Subscription
All categories
Cancel
View cart
Full Access
Today's Deals
Career Paths
Certificate Courses
Certification Exams
W3Schools Plus
Servers
For Teachers
Close
Full Access
Today's Deals
Career Paths
Certificate Courses
Certification Exams
W3Schools Plus
Servers
For Teachers
Home
Certification Exams Catalog
PHP Certification Exam
PHP Certification Exam
Save
0
%
Save
%
Original price
$0.00
-
Original price
$0.00
Original price
$"
https://campus.w3schools.com/collections/certifications/products/java-certificate,Java Certification Exam — W3Schools.com,"Skip to content
Menu
All categories
------
Certification
Course
Subscription
All categories
Cancel
View cart
Full Access
Today's Deals
Career Paths
Certificate Courses
Certification Exams
W3Schools Plus
Servers
For Teachers
Close
Full Access
Today's Deals
Career Paths
Certificate Courses
Certification Exams
W3Schools Plus
Servers
For Teachers
Home
Certification Exams Catalog
Java Certification Exam
Java Certification Exam
Save
0
%
Save
%
Original price
$0.00
-
Original price
$0.00
Original price"
https://campus.w3schools.com/collections/certifications/products/java-certificate,Java Certification Exam — W3Schools.com,"Skip to content
Menu
All categories
------
Certification
Course
Subscription
All categories
Cancel
View cart
Full Access
Today's Deals
Career Paths
Certificate Courses
Certification Exams
W3Schools Plus
Servers
For Teachers
Close
Full Access
Today's Deals
Career Paths
Certificate Courses
Certification Exams
W3Schools Plus
Servers
For Teachers
Home
Certification Exams Catalog
Java Certification Exam
Java Certification Exam
Save
0
%
Save
%
Original price
$0.00
-
Original price
$0.00
Original price"
https://campus.w3schools.com/products/c-certification-exam,C Certification Exam — W3Schools.com,"Skip to content
Menu
All categories
------
Certification
Course
Subscription
All categories
Cancel
View cart
Full Access
Today's Deals
Career Paths
Certificate Courses
Certification Exams
W3Schools Plus
Servers
For Teachers
Close
Full Access
Today's Deals
Career Paths
Certificate Courses
Certification Exams
W3Schools Plus
Servers
For Teachers
Home
C Certification Exam
C Certification Exam
Save
0
%
Save
%
Original price
$0.00
-
Original price
$0.00
Original price
$0.00
$95.00
$95.00
-
$95.00
Curr"
https://campus.w3schools.com/products/c-certification-exam,C Certification Exam — W3Schools.com,"Skip to content
Menu
All categories
------
Certification
Course
Subscription
All categories
Cancel
View cart
Full Access
Today's Deals
Career Paths
Certificate Courses
Certification Exams
W3Schools Plus
Servers
For Teachers
Close
Full Access
Today's Deals
Career Paths
Certificate Courses
Certification Exams
W3Schools Plus
Servers
For Teachers
Home
C Certification Exam
C Certification Exam
Save
0
%
Save
%
Original price
$0.00
-
Original price
$0.00
Original price
$0.00
$95.00
$95.00
-
$95.00
Curr"
https://campus.w3schools.com/collections/certifications/products/c-certificate,C++ Certification Exam — W3Schools.com,"Skip to content
Menu
All categories
------
Certification
Course
Subscription
All categories
Cancel
View cart
Full Access
Today's Deals
Career Paths
Certificate Courses
Certification Exams
W3Schools Plus
Servers
For Teachers
Close
Full Access
Today's Deals
Career Paths
Certificate Courses
Certification Exams
W3Schools Plus
Servers
For Teachers
Home
Certification Exams Catalog
C++ Certification Exam
C++ Certification Exam
Save
0
%
Save
%
Original price
$0.00
-
Original price
$0.00
Original price
$"
https://campus.w3schools.com/collections/certifications/products/c-certificate,C++ Certification Exam — W3Schools.com,"Skip to content
Menu
All categories
------
Certification
Course
Subscription
All categories
Cancel
View cart
Full Access
Today's Deals
Career Paths
Certificate Courses
Certification Exams
W3Schools Plus
Servers
For Teachers
Close
Full Access
Today's Deals
Career Paths
Certificate Courses
Certification Exams
W3Schools Plus
Servers
For Teachers
Home
Certification Exams Catalog
C++ Certification Exam
C++ Certification Exam
Save
0
%
Save
%
Original price
$0.00
-
Original price
$0.00
Original price
$"
https://campus.w3schools.com/collections/certifications/products/c-certificate-1,C# Certification Exam — W3Schools.com,"Skip to content
Menu
All categories
------
Certification
Course
Subscription
All categories
Cancel
View cart
Full Access
Today's Deals
Career Paths
Certificate Courses
Certification Exams
W3Schools Plus
Servers
For Teachers
Close
Full Access
Today's Deals
Career Paths
Certificate Courses
Certification Exams
W3Schools Plus
Servers
For Teachers
Home
Certification Exams Catalog
C# Certification Exam
C# Certification Exam
Save
0
%
Save
%
Original price
$0.00
-
Original price
$0.00
Original price
$0."
https://campus.w3schools.com/collections/certifications/products/c-certificate-1,C# Certification Exam — W3Schools.com,"Skip to content
Menu
All categories
------
Certification
Course
Subscription
All categories
Cancel
View cart
Full Access
Today's Deals
Career Paths
Certificate Courses
Certification Exams
W3Schools Plus
Servers
For Teachers
Close
Full Access
Today's Deals
Career Paths
Certificate Courses
Certification Exams
W3Schools Plus
Servers
For Teachers
Home
Certification Exams Catalog
C# Certification Exam
C# Certification Exam
Save
0
%
Save
%
Original price
$0.00
-
Original price
$0.00
Original price
$0."
https://campus.w3schools.com/products/django-certification-exam,Django Certification Exam — W3Schools.com,"Skip to content
Menu
All categories
------
Certification
Course
Subscription
All categories
Cancel
View cart
Full Access
Today's Deals
Career Paths
Certificate Courses
Certification Exams
W3Schools Plus
Servers
For Teachers
Close
Full Access
Today's Deals
Career Paths
Certificate Courses
Certification Exams
W3Schools Plus
Servers
For Teachers
Home
Django Certification Exam
Django Certification Exam
Save
0
%
Save
%
Original price
$0.00
-
Original price
$0.00
Original price
$0.00
$95.00
$95.00
-
$"
https://campus.w3schools.com/products/django-certification-exam,Django Certification Exam — W3Schools.com,"Skip to content
Menu
All categories
------
Certification
Course
Subscription
All categories
Cancel
View cart
Full Access
Today's Deals
Career Paths
Certificate Courses
Certification Exams
W3Schools Plus
Servers
For Teachers
Close
Full Access
Today's Deals
Career Paths
Certificate Courses
Certification Exams
W3Schools Plus
Servers
For Teachers
Home
Django Certification Exam
Django Certification Exam
Save
0
%
Save
%
Original price
$0.00
-
Original price
$0.00
Original price
$0.00
$95.00
$95.00
-
$"
https://campus.w3schools.com/collections/certifications/products/typescript-certificate,TypeScript Certification Exam — W3Schools.com,"Skip to content
Menu
All categories
------
Certification
Course
Subscription
All categories
Cancel
View cart
Full Access
Today's Deals
Career Paths
Certificate Courses
Certification Exams
W3Schools Plus
Servers
For Teachers
Close
Full Access
Today's Deals
Career Paths
Certificate Courses
Certification Exams
W3Schools Plus
Servers
For Teachers
Home
Certification Exams Catalog
TypeScript Certification Exam
TypeScript Certification Exam
Save
0
%
Save
%
Original price
$0.00
-
Original price
$0.00
Or"
https://campus.w3schools.com/collections/certifications/products/typescript-certificate,TypeScript Certification Exam — W3Schools.com,"Skip to content
Menu
All categories
------
Certification
Course
Subscription
All categories
Cancel
View cart
Full Access
Today's Deals
Career Paths
Certificate Courses
Certification Exams
W3Schools Plus
Servers
For Teachers
Close
Full Access
Today's Deals
Career Paths
Certificate Courses
Certification Exams
W3Schools Plus
Servers
For Teachers
Home
Certification Exams Catalog
TypeScript Certification Exam
TypeScript Certification Exam
Save
0
%
Save
%
Original price
$0.00
-
Original price
$0.00
Or"
https://campus.w3schools.com/collections/certifications/products/xml-certificate,XML Certification Exam — W3Schools.com,"Skip to content
Menu
All categories
------
Certification
Course
Subscription
All categories
Cancel
View cart
Full Access
Today's Deals
Career Paths
Certificate Courses
Certification Exams
W3Schools Plus
Servers
For Teachers
Close
Full Access
Today's Deals
Career Paths
Certificate Courses
Certification Exams
W3Schools Plus
Servers
For Teachers
Home
Certification Exams Catalog
XML Certification Exam
XML Certification Exam
Save
0
%
Save
%
Original price
$0.00
-
Original price
$0.00
Original price
$"
https://campus.w3schools.com/collections/certifications/products/xml-certificate,XML Certification Exam — W3Schools.com,"Skip to content
Menu
All categories
------
Certification
Course
Subscription
All categories
Cancel
View cart
Full Access
Today's Deals
Career Paths
Certificate Courses
Certification Exams
W3Schools Plus
Servers
For Teachers
Close
Full Access
Today's Deals
Career Paths
Certificate Courses
Certification Exams
W3Schools Plus
Servers
For Teachers
Home
Certification Exams Catalog
XML Certification Exam
XML Certification Exam
Save
0
%
Save
%
Original price
$0.00
-
Original price
$0.00
Original price
$"
https://campus.w3schools.com/collections/certifications/products/cyber-security-certificate,Cyber Security Certification Exam — W3Schools.com,"Skip to content
Menu
All categories
------
Certification
Course
Subscription
All categories
Cancel
View cart
Full Access
Today's Deals
Career Paths
Certificate Courses
Certification Exams
W3Schools Plus
Servers
For Teachers
Close
Full Access
Today's Deals
Career Paths
Certificate Courses
Certification Exams
W3Schools Plus
Servers
For Teachers
Home
Certification Exams Catalog
Cyber Security Certification Exam
Cyber Security Certification Exam
Save
0
%
Save
%
Original price
$0.00
-
Original price
"
https://campus.w3schools.com/collections/certifications/products/cyber-security-certificate,Cyber Security Certification Exam — W3Schools.com,"Skip to content
Menu
All categories
------
Certification
Course
Subscription
All categories
Cancel
View cart
Full Access
Today's Deals
Career Paths
Certificate Courses
Certification Exams
W3Schools Plus
Servers
For Teachers
Close
Full Access
Today's Deals
Career Paths
Certificate Courses
Certification Exams
W3Schools Plus
Servers
For Teachers
Home
Certification Exams Catalog
Cyber Security Certification Exam
Cyber Security Certification Exam
Save
0
%
Save
%
Original price
$0.00
-
Original price
"
https://campus.w3schools.com/collections/certifications/products/accessibility-certificate,Accessibility Certification Exam — W3Schools.com,"Skip to content
Menu
All categories
------
Certification
Course
Subscription
All categories
Cancel
View cart
Full Access
Today's Deals
Career Paths
Certificate Courses
Certification Exams
W3Schools Plus
Servers
For Teachers
Close
Full Access
Today's Deals
Career Paths
Certificate Courses
Certification Exams
W3Schools Plus
Servers
For Teachers
Home
Certification Exams Catalog
Accessibility Certification Exam
Accessibility Certification Exam
Save
0
%
Save
%
Original price
$0.00
-
Original price
$0"
https://campus.w3schools.com/collections/certifications/products/accessibility-certificate,Accessibility Certification Exam — W3Schools.com,"Skip to content
Menu
All categories
------
Certification
Course
Subscription
All categories
Cancel
View cart
Full Access
Today's Deals
Career Paths
Certificate Courses
Certification Exams
W3Schools Plus
Servers
For Teachers
Close
Full Access
Today's Deals
Career Paths
Certificate Courses
Certification Exams
W3Schools Plus
Servers
For Teachers
Home
Certification Exams Catalog
Accessibility Certification Exam
Accessibility Certification Exam
Save
0
%
Save
%
Original price
$0.00
-
Original price
$0"
https://campus.w3schools.com/products/dsa-certification-exam,DSA Certification Exam — W3Schools.com,"Skip to content
Menu
All categories
------
Certification
Course
Subscription
All categories
Cancel
View cart
Full Access
Today's Deals
Career Paths
Certificate Courses
Certification Exams
W3Schools Plus
Servers
For Teachers
Close
Full Access
Today's Deals
Career Paths
Certificate Courses
Certification Exams
W3Schools Plus
Servers
For Teachers
Home
DSA Certification Exam
DSA Certification Exam
Save
0
%
Save
%
Original price
$0.00
-
Original price
$0.00
Original price
$0.00
$95.00
$95.00
-
$95.00
"
https://campus.w3schools.com/products/dsa-certification-exam,DSA Certification Exam — W3Schools.com,"Skip to content
Menu
All categories
------
Certification
Course
Subscription
All categories
Cancel
View cart
Full Access
Today's Deals
Career Paths
Certificate Courses
Certification Exams
W3Schools Plus
Servers
For Teachers
Close
Full Access
Today's Deals
Career Paths
Certificate Courses
Certification Exams
W3Schools Plus
Servers
For Teachers
Home
DSA Certification Exam
DSA Certification Exam
Save
0
%
Save
%
Original price
$0.00
-
Original price
$0.00
Original price
$0.00
$95.00
$95.00
-
$95.00
"
https://campus.w3schools.com/collections/certifications,Certification Exams Catalog — W3Schools.com,"Skip to content
Menu
All categories
------
Certification
Course
Subscription
All categories
Cancel
View cart
Full Access
Today's Deals
Career Paths
Certificate Courses
Certification Exams
W3Schools Plus
Servers
For Teachers
Close
Full Access
Today's Deals
Career Paths
Certificate Courses
Certification Exams
W3Schools Plus
Servers
For Teachers
Home
Certification Exams Catalog
Certification Exams Catalog
Filters
Price
$
From
$
To
Product type
Certification
                  
                    (4"
https://campus.w3schools.com/collections/certifications,Certification Exams Catalog — W3Schools.com,"Skip to content
Menu
All categories
------
Certification
Course
Subscription
All categories
Cancel
View cart
Full Access
Today's Deals
Career Paths
Certificate Courses
Certification Exams
W3Schools Plus
Servers
For Teachers
Close
Full Access
Today's Deals
Career Paths
Certificate Courses
Certification Exams
W3Schools Plus
Servers
For Teachers
Home
Certification Exams Catalog
Certification Exams Catalog
Filters
Price
$
From
$
To
Product type
Certification
                  
                    (4"
https://campus.w3schools.com/collections/certifications/products/html-certificate,HTML Certification Exam — W3Schools.com,"Skip to content
Menu
All categories
------
Certification
Course
Subscription
All categories
Cancel
View cart
Full Access
Today's Deals
Career Paths
Certificate Courses
Certification Exams
W3Schools Plus
Servers
For Teachers
Close
Full Access
Today's Deals
Career Paths
Certificate Courses
Certification Exams
W3Schools Plus
Servers
For Teachers
Home
Certification Exams Catalog
HTML Certification Exam
HTML Certification Exam
Save
30
%
Save
30
%
Original price
$95.00
Original price
$95.00
-
Original"
https://campus.w3schools.com/collections/certifications/products/css-certificate,CSS Certification Exam — W3Schools.com,"Skip to content
Menu
All categories
------
Certification
Course
Subscription
All categories
Cancel
View cart
Full Access
Today's Deals
Career Paths
Certificate Courses
Certification Exams
W3Schools Plus
Servers
For Teachers
Close
Full Access
Today's Deals
Career Paths
Certificate Courses
Certification Exams
W3Schools Plus
Servers
For Teachers
Home
Certification Exams Catalog
CSS Certification Exam
CSS Certification Exam
Save
0
%
Save
%
Original price
$0.00
-
Original price
$0.00
Original price
$"
https://campus.w3schools.com/collections/certifications/products/javascript-certificate,JavaScript Certification Exam — W3Schools.com,"Skip to content
Menu
All categories
------
Certification
Course
Subscription
All categories
Cancel
View cart
Full Access
Today's Deals
Career Paths
Certificate Courses
Certification Exams
W3Schools Plus
Servers
For Teachers
Close
Full Access
Today's Deals
Career Paths
Certificate Courses
Certification Exams
W3Schools Plus
Servers
For Teachers
Home
Certification Exams Catalog
JavaScript Certification Exam
JavaScript Certification Exam
Save
30
%
Save
30
%
Original price
$95.00
Original price
$95.0"
https://campus.w3schools.com/collections/certifications/products/front-end-certificate,Frontend Development Certification — W3Schools.com,"Skip to content
Menu
All categories
------
Certification
Course
Subscription
All categories
Cancel
View cart
Full Access
Today's Deals
Career Paths
Certificate Courses
Certification Exams
W3Schools Plus
Servers
For Teachers
Close
Full Access
Today's Deals
Career Paths
Certificate Courses
Certification Exams
W3Schools Plus
Servers
For Teachers
Home
Certification Exams Catalog
Frontend Development Certification
Frontend Development Certification
Save
33
%
Save
33
%
Original price
$285.00
Original "
https://campus.w3schools.com/collections/certifications/products/sql-certificate,SQL Certification Exam — W3Schools.com,"Skip to content
Menu
All categories
------
Certification
Course
Subscription
All categories
Cancel
View cart
Full Access
Today's Deals
Career Paths
Certificate Courses
Certification Exams
W3Schools Plus
Servers
For Teachers
Close
Full Access
Today's Deals
Career Paths
Certificate Courses
Certification Exams
W3Schools Plus
Servers
For Teachers
Home
Certification Exams Catalog
SQL Certification Exam
SQL Certification Exam
Save
30
%
Save
30
%
Original price
$95.00
Original price
$95.00
-
Original p"
https://campus.w3schools.com/collections/certifications/products/python-certificate,Python Certification Exam — W3Schools.com,"Skip to content
Menu
All categories
------
Certification
Course
Subscription
All categories
Cancel
View cart
Full Access
Today's Deals
Career Paths
Certificate Courses
Certification Exams
W3Schools Plus
Servers
For Teachers
Close
Full Access
Today's Deals
Career Paths
Certificate Courses
Certification Exams
W3Schools Plus
Servers
For Teachers
Home
Certification Exams Catalog
Python Certification Exam
Python Certification Exam
Save
30
%
Save
30
%
Original price
$95.00
Original price
$95.00
-
Orig"
https://campus.w3schools.com/collections/certifications/products/php-certificate,PHP Certification Exam — W3Schools.com,"Skip to content
Menu
All categories
------
Certification
Course
Subscription
All categories
Cancel
View cart
Full Access
Today's Deals
Career Paths
Certificate Courses
Certification Exams
W3Schools Plus
Servers
For Teachers
Close
Full Access
Today's Deals
Career Paths
Certificate Courses
Certification Exams
W3Schools Plus
Servers
For Teachers
Home
Certification Exams Catalog
PHP Certification Exam
PHP Certification Exam
Save
0
%
Save
%
Original price
$0.00
-
Original price
$0.00
Original price
$"
https://campus.w3schools.com/collections/certifications/products/jquery-certificate,jQuery Certification Exam — W3Schools.com,"Skip to content
Menu
All categories
------
Certification
Course
Subscription
All categories
Cancel
View cart
Full Access
Today's Deals
Career Paths
Certificate Courses
Certification Exams
W3Schools Plus
Servers
For Teachers
Close
Full Access
Today's Deals
Career Paths
Certificate Courses
Certification Exams
W3Schools Plus
Servers
For Teachers
Home
Certification Exams Catalog
jQuery Certification Exam
jQuery Certification Exam
Save
0
%
Save
%
Original price
$0.00
-
Original price
$0.00
Original p"
https://campus.w3schools.com/collections/certifications/products/java-certificate,Java Certification Exam — W3Schools.com,"Skip to content
Menu
All categories
------
Certification
Course
Subscription
All categories
Cancel
View cart
Full Access
Today's Deals
Career Paths
Certificate Courses
Certification Exams
W3Schools Plus
Servers
For Teachers
Close
Full Access
Today's Deals
Career Paths
Certificate Courses
Certification Exams
W3Schools Plus
Servers
For Teachers
Home
Certification Exams Catalog
Java Certification Exam
Java Certification Exam
Save
0
%
Save
%
Original price
$0.00
-
Original price
$0.00
Original price"
https://campus.w3schools.com/collections/certifications/products/c-certificate,C++ Certification Exam — W3Schools.com,"Skip to content
Menu
All categories
------
Certification
Course
Subscription
All categories
Cancel
View cart
Full Access
Today's Deals
Career Paths
Certificate Courses
Certification Exams
W3Schools Plus
Servers
For Teachers
Close
Full Access
Today's Deals
Career Paths
Certificate Courses
Certification Exams
W3Schools Plus
Servers
For Teachers
Home
Certification Exams Catalog
C++ Certification Exam
C++ Certification Exam
Save
0
%
Save
%
Original price
$0.00
-
Original price
$0.00
Original price
$"
https://campus.w3schools.com/collections/certifications/products/c-certificate-1,C# Certification Exam — W3Schools.com,"Skip to content
Menu
All categories
------
Certification
Course
Subscription
All categories
Cancel
View cart
Full Access
Today's Deals
Career Paths
Certificate Courses
Certification Exams
W3Schools Plus
Servers
For Teachers
Close
Full Access
Today's Deals
Career Paths
Certificate Courses
Certification Exams
W3Schools Plus
Servers
For Teachers
Home
Certification Exams Catalog
C# Certification Exam
C# Certification Exam
Save
0
%
Save
%
Original price
$0.00
-
Original price
$0.00
Original price
$0."
https://campus.w3schools.com/collections/certifications/products/xml-certificate,XML Certification Exam — W3Schools.com,"Skip to content
Menu
All categories
------
Certification
Course
Subscription
All categories
Cancel
View cart
Full Access
Today's Deals
Career Paths
Certificate Courses
Certification Exams
W3Schools Plus
Servers
For Teachers
Close
Full Access
Today's Deals
Career Paths
Certificate Courses
Certification Exams
W3Schools Plus
Servers
For Teachers
Home
Certification Exams Catalog
XML Certification Exam
XML Certification Exam
Save
0
%
Save
%
Original price
$0.00
-
Original price
$0.00
Original price
$"
